"age","handedness","gender","list","radians","center","pos_1","pos_2","type","degrees","map_file","PE","object","isFiller","outdoors_response","stimulus","ind_out_resp.keys","ind_out_resp.rt","participant"
22,"r","f","",NA,NA,NA,NA,"",NA,"","","",NA,"","","",NA,136
22,"r","f","",NA,NA,NA,NA,"",NA,"","","",NA,"","","",NA,136
22,"r","f","",NA,NA,NA,NA,"",NA,"","","",NA,"","","",NA,136
22,"r","f","",NA,NA,NA,NA,"",NA,"","","",NA,"","","",NA,136
22,"r","f","lists/136/stimuli_position_map_1.csv",5.62613970927989,311.731092436975,41.7310924369748,221.731092436975,"low",322.51756295235,"maps/google_map_1.png","10.7864705153754","objects/2/2_77.jpg",1,"indoors","Leg.jpg","a",81.1648454999995,136
22,"r","f","lists/136/stimuli_position_map_1.csv",5.52271485675551,311.731092436975,41.7310924369748,221.731092436975,"low",316.588749750316,"maps/google_map_1.png","4.85765731334089","objects/2/2_77.jpg",1,"indoors","Leg.jpg","a",3.32890769999722,136
22,"r","f","lists/136/stimuli_position_map_1.csv",4.93754063282032,311.731092436975,41.7310924369748,221.731092436975,"low",283.04373054384,"maps/google_map_1.png","28.687361893135","objects/2/2_44.jpg",1,"indoors","Popcorn.jpg","l",0.405632599995442,136
22,"r","f","lists/136/stimuli_position_map_1.csv",5.89935336983246,311.731092436975,41.7310924369748,221.731092436975,"low",338.179492538166,"maps/google_map_1.png","26.4484001011915","objects/1/1_22.jpg",0,"indoors","Vase_Decorative.jpg","l",0.880649200000335,136
22,"r","f","lists/136/stimuli_position_map_1.csv",5.43457104217066,311.731092436975,41.7310924369748,221.731092436975,"low",311.535919614878,"maps/google_map_1.png","0.195172822096473","objects/2/2_44.jpg",1,"indoors","Popcorn.jpg","l",0.696580699997867,136
22,"r","f","lists/136/stimuli_position_map_1.csv",5.17165157351993,311.731092436975,41.7310924369748,221.731092436975,"low",296.464102940633,"maps/google_map_1.png","15.2669894963417","objects/1/1_114.jpg",0,"outdoors","Grenade.jpg","a",0.455658499999117,136
22,"r","f","lists/136/stimuli_position_map_1.csv",5.10186406386234,311.731092436975,41.7310924369748,221.731092436975,"low",292.463545062172,"maps/google_map_1.png","19.2675473748026","objects/1/1_43.jpg",0,"outdoors","Hangar.jpg","a",0.423780199995235,136
22,"r","f","lists/136/stimuli_position_map_1.csv",5.47502191487511,311.731092436975,41.7310924369748,221.731092436975,"low",313.85475945144,"maps/google_map_1.png","2.1236670144649","objects/1/1_127.jpg",0,"outdoors","FireHydrant.jpg","a",0.21045999999842,136
22,"r","f","lists/136/stimuli_position_map_1.csv",5.23041442281441,311.731092436975,41.7310924369748,221.731092436975,"low",299.832673919297,"maps/google_map_1.png","11.8984185176774","objects/2/2_60.jpg",1,"outdoors","Goat.jpg","a",0.683377499997732,136
22,"r","f","lists/136/stimuli_position_map_1.csv",5.0232265592167,311.731092436975,41.7310924369748,221.731092436975,"low",287.955662630256,"maps/google_map_1.png","23.7754298067183","objects/1/1_122.jpg",1,"outdoors","LeafBlower.jpg","a",0.306960699996125,136
22,"r","f","lists/136/stimuli_position_map_1.csv",1.75411951447246,311.731092436975,221.731092436975,281.563025210084,"singletons",100.554621848739,"maps/google_map_1.png","None","objects/1/1_17.jpg",0,"outdoors","TigerWhite.jpg","a",0.257703599996603,136
22,"r","f","lists/136/stimuli_position_map_1.csv",5.49284471541262,311.731092436975,41.7310924369748,221.731092436975,"low",314.876448654227,"maps/google_map_1.png","3.14535621725175","objects/1/1_111.jpg",0,"indoors","Hand.jpg","a",1.59401609999986,136
22,"r","f","lists/136/stimuli_position_map_1.csv",5.06167810576256,311.731092436975,41.7310924369748,221.731092436975,"low",290.15989141314,"maps/google_map_1.png","21.5712010238346","objects/2/2_60.jpg",1,"outdoors","Goat.jpg","a",0.652743299997383,136
22,"r","f","lists/136/stimuli_position_map_1.csv",5.60381852160824,311.731092436975,41.7310924369748,221.731092436975,"low",321.238004423402,"maps/google_map_1.png","9.5069119864276","objects/2/2_53.jpg",1,"outdoors","TreeStump.jpg","a",0.357751099996676,136
22,"r","f","lists/136/stimuli_position_map_1.csv",6.21988038751771,311.731092436975,41.7310924369748,221.731092436975,"low",356.55365278764,"maps/google_map_1.png","44.8225603506647","objects/1/1_91.jpg",0,"outdoors","Toad.jpg","a",0.491076699996484,136
22,"r","f","lists/136/stimuli_position_map_1.csv",5.54024917757901,311.731092436975,41.7310924369748,221.731092436975,"low",317.593901899434,"maps/google_map_1.png","5.86280946245874","objects/1/1_134.jpg",1,"indoors","Pretzel_Sticks.jpg","a",0.55413089999638,136
22,"r","f","lists/136/stimuli_position_map_1.csv",6.08446817953191,311.731092436975,41.7310924369748,221.731092436975,"low",348.791169527307,"maps/google_map_1.png","37.0600770903321","objects/2/2_53.jpg",1,"outdoors","TreeStump.jpg","a",0.514138699996693,136
22,"r","f","lists/136/stimuli_position_map_1.csv",5.58342362794869,311.731092436975,41.7310924369748,221.731092436975,"low",320.068870391963,"maps/google_map_1.png","8.33777795498849","objects/2/2_77.jpg",1,"indoors","Leg.jpg","a",0.59715889999643,136
22,"r","f","lists/136/stimuli_position_map_1.csv",5.06678215110825,311.731092436975,41.7310924369748,221.731092436975,"low",290.452479999836,"maps/google_map_1.png","21.2786124371388","objects/2/2_44.jpg",1,"indoors","Popcorn.jpg","l",0.47190799999953,136
22,"r","f","lists/136/stimuli_position_map_1.csv",4.76325320398226,311.731092436975,41.7310924369748,221.731092436975,"low",273.052731438474,"maps/google_map_1.png","38.6783609985012","objects/1/1_133.jpg",0,"indoors","Clip_Paper.jpg","a",0.464122099998349,136
22,"r","f","lists/136/stimuli_position_map_1.csv",5.29133600913118,311.731092436975,41.7310924369748,221.731092436975,"low",303.324994154017,"maps/google_map_1.png","8.40609828295815","objects/1/1_134.jpg",1,"indoors","Pretzel_Sticks.jpg","a",0.391574699995545,136
22,"r","f","lists/136/stimuli_position_map_1.csv",0.600445989461566,311.731092436975,41.7310924369748,221.731092436975,"medium",34.4204707334655,"maps/google_map_1.png","82.6893782964908","objects/1/1_69.jpg",0,"indoors","Oven.jpg","l",0.379560999997921,136
22,"r","f","lists/136/stimuli_position_map_1.csv",5.33272268907563,311.731092436975,311.731092436975,299.663865546218,"singletons",305.697478991597,"maps/google_map_1.png","None","objects/1/1_140.jpg",0,"outdoors","Outhouse.jpg","a",0.510237199996482,136
22,"r","f","lists/136/stimuli_position_map_1.csv",5.08010119564152,311.731092436975,41.7310924369748,221.731092436975,"low",291.215992106839,"maps/google_map_1.png","20.5151003301361","objects/2/2_60.jpg",1,"outdoors","Goat.jpg","a",0.39685129999998,136
22,"r","f","lists/136/stimuli_position_map_1.csv",4.01705975723623,311.731092436975,131.731092436975,194.075630252101,"singletons",230.27731092437,"maps/google_map_1.png","None","objects/1/1_1.jpg",0,"indoors","Bottle_Oil.jpg","l",0.440154100000655,136
22,"r","f","lists/136/stimuli_position_map_1.csv",5.23455353757347,311.731092436975,41.7310924369748,221.731092436975,"low",300.069948013766,"maps/google_map_1.png","11.6611444232091","objects/1/1_134.jpg",1,"indoors","Pretzel_Sticks.jpg","a",0.585036299999047,136
22,"r","f","lists/136/stimuli_position_map_1.csv",1.5970085946009,311.731092436975,41.7310924369748,221.731092436975,"high",91.5482633847649,"maps/google_map_1.png","139.81717094779","objects/1/1_115.jpg",0,"indoors","HairDryer.jpg","l",0.555767499998183,136
22,"r","f","lists/136/stimuli_position_map_1.csv",5.2920085313623,311.731092436975,41.7310924369748,221.731092436975,"low",303.363546383826,"maps/google_map_1.png","8.3675460531485","objects/1/1_15.jpg",0,"indoors","Toy_Lion.jpg","l",0.33707990000039,136
22,"r","f","lists/136/stimuli_position_map_1.csv",5.30626637717323,311.731092436975,41.7310924369748,221.731092436975,"low",304.18087512458,"maps/google_map_1.png","7.5502173123946","objects/1/1_89.jpg",0,"outdoors","Hubcap.jpg","a",0.303147299997363,136
22,"r","f","lists/136/stimuli_position_map_1.csv",3.33291503267974,311.731092436975,311.731092436975,4.01680672268908,"singletons",191.058823529412,"maps/google_map_1.png","None","objects/1/1_143.jpg",0,"indoors","Stamp.jpg","l",0.412383099999715,136
22,"r","f","lists/136/stimuli_position_map_1.csv",5.81484393571793,311.731092436975,41.7310924369748,221.731092436975,"low",333.335002684468,"maps/google_map_1.png","21.6039102474928","objects/2/2_53.jpg",1,"outdoors","TreeStump.jpg","a",0.67925799999648,136
22,"r","f","lists/136/stimuli_position_map_1.csv",5.87283813896528,311.731092436975,41.7310924369748,221.731092436975,"low",336.659511150876,"maps/google_map_1.png","24.9284187139012","objects/1/1_112.jpg",0,"outdoors","House_Stone.jpg","a",0.534704199999396,136
22,"r","f","lists/136/stimuli_position_map_1.csv",1.28069130674279,311.731092436975,41.7310924369748,221.731092436975,"medium",73.4154252272937,"maps/google_map_1.png","121.684332790319","objects/1/1_50.jpg",0,"outdoors","TowerEiffel.jpg","l",0.491912900000898,136
22,"r","f","lists/136/stimuli_position_map_1.csv",3.49079458450047,311.731092436975,221.731092436975,40.218487394958,"singletons",200.109243697479,"maps/google_map_1.png","None","objects/1/1_94.jpg",0,"outdoors","Gorilla.jpg","a",0.402691600000253,136
22,"r","f","lists/136/stimuli_position_map_1.csv",4.82538669667368,311.731092436975,41.7310924369748,221.731092436975,"low",276.614524013141,"maps/google_map_1.png","35.1165684238341","objects/2/2_77.jpg",1,"indoors","Leg.jpg","a",0.277626999999484,136
22,"r","f","lists/136/stimuli_position_map_1.csv",3.17503548085901,311.731092436975,221.731092436975,209.159663865546,"singletons",182.008403361345,"maps/google_map_1.png","None","objects/1/1_68.jpg",0,"indoors","Tortilla.jpg","l",0.508783199999016,136
22,"r","f","lists/136/stimuli_position_map_1.csv",0.181129574815693,311.731092436975,41.7310924369748,221.731092436975,"medium",10.3832240340206,"maps/google_map_1.png","58.6521315970458","objects/1/1_137.jpg",0,"indoors","Tape_Clear.jpg","a",0.74745019999682,136
22,"r","f","lists/136/stimuli_position_map_1.csv",0.271261856700709,311.731092436975,41.7310924369748,221.731092436975,"medium",15.550042740805,"maps/google_map_1.png","63.8189503038302","objects/1/1_81.jpg",0,"outdoors","BicycleSeat.jpg","a",1.20060349999767,136
22,"r","f","lists/136/stimuli_position_map_1.csv",5.45177017450067,311.731092436975,41.7310924369748,221.731092436975,"low",312.521857136981,"maps/google_map_1.png","0.790764700006061","objects/1/1_53.jpg",0,"indoors","NailPolish.jpg","l",0.379162799996266,136
22,"r","f","lists/136/stimuli_position_map_1.csv",0.438456582633053,311.731092436975,221.731092436975,79.436974789916,"singletons",25.1344537815126,"maps/google_map_1.png","None","objects/1/1_74.jpg",0,"outdoors","Glove_Baseball.jpg","a",2.89438539999537,136
22,"r","f","lists/136/stimuli_position_map_1.csv",2.33441472984193,311.731092436975,41.7310924369748,221.731092436975,"high",133.819952666098,"maps/google_map_1.png","177.911139770877","objects/1/1_45.jpg",0,"outdoors","Seashell_AlternateTellin.jpg","l",0.405568399997719,136
22,"r","f","lists/136/stimuli_position_map_1.csv",5.58635350471074,311.731092436975,41.7310924369748,221.731092436975,"low",320.236825110807,"maps/google_map_1.png","8.50573267383175","objects/1/1_103.jpg",0,"outdoors","Stone_Spa.jpg","a",0.264587399997254,136
22,"r","f","lists/136/stimuli_position_map_1.csv",5.72299500379848,311.731092436975,41.7310924369748,221.731092436975,"low",328.069777287811,"maps/google_map_1.png","16.3386848508359","objects/2/2_60.jpg",1,"outdoors","Goat.jpg","a",0.312309099997947,136
22,"r","f","lists/136/stimuli_position_map_1.csv",3.80655368814192,311.731092436975,131.731092436975,163.90756302521,"singletons",218.210084033613,"maps/google_map_1.png","None","objects/1/1_30.jpg",0,"outdoors","Dolphine.jpg","a",0.40717450000011,136
22,"r","f","lists/136/stimuli_position_map_1.csv",5.29748923699772,311.731092436975,41.7310924369748,221.731092436975,"low",303.677726961653,"maps/google_map_1.png","8.05336547532215","objects/1/1_36.jpg",0,"outdoors","Flower_Daisy.jpg","a",0.346421299997019,136
22,"r","f","lists/136/stimuli_position_map_1.csv",4.84053260938839,311.731092436975,41.7310924369748,221.731092436975,"low",277.482761047742,"maps/google_map_1.png","34.2483313892326","objects/1/1_134.jpg",1,"indoors","Pretzel_Sticks.jpg","a",0.463006699996185,136
22,"r","f","lists/136/stimuli_position_map_1.csv",0.286712819554793,311.731092436975,41.7310924369748,221.731092436975,"medium",16.4357667260709,"maps/google_map_1.png","64.7046742890962","objects/1/1_80.jpg",0,"indoors","Tofu.jpg","l",0.310281699996267,136
22,"r","f","lists/136/stimuli_position_map_1.csv",5.64108940630965,311.731092436975,41.7310924369748,221.731092436975,"low",323.374551954057,"maps/google_map_1.png","11.6434595170818","objects/2/2_60.jpg",1,"outdoors","Goat.jpg","a",0.221572199996444,136
22,"r","f","lists/136/stimuli_position_map_1.csv",2.62442707054591,311.731092436975,41.7310924369748,221.731092436975,"high",150.444863916645,"maps/google_map_1.png","161.28622852033","objects/1/1_141.jpg",0,"outdoors","Owl.jpg","a",1.7754649999988,136
22,"r","f","lists/136/stimuli_position_map_1.csv",5.49060224089636,311.731092436975,131.731092436975,52.2857142857143,"singletons",314.747899159664,"maps/google_map_1.png","None","objects/1/1_58.jpg",0,"outdoors","Cloud.jpg","a",2.4829105999961,136
22,"r","f","lists/136/stimuli_position_map_1.csv",0.342251107837489,311.731092436975,41.7310924369748,221.731092436975,"medium",19.6194902582,"maps/google_map_1.png","67.8883978212252","objects/1/1_13.jpg",0,"outdoors","Bird_Duck.jpg","a",0.394450699997833,136
22,"r","f","lists/136/stimuli_position_map_1.csv",2.27537686992478,311.731092436975,41.7310924369748,221.731092436975,"high",130.43561674728,"maps/google_map_1.png","178.704524310306","objects/1/1_88.jpg",0,"outdoors","Golf_Club.jpg","l",1.07644019999861,136
22,"r","f","lists/136/stimuli_position_map_1.csv",5.82698364650093,311.731092436975,41.7310924369748,221.731092436975,"low",334.030909672028,"maps/google_map_1.png","22.2998172350529","objects/1/1_134.jpg",1,"indoors","Pretzel_Sticks.jpg","a",0.597225399997114,136
22,"r","f","lists/136/stimuli_position_map_1.csv",0.336225118292911,311.731092436975,41.7310924369748,221.731092436975,"medium",19.2740513671096,"maps/google_map_1.png","67.5429589301348","objects/1/1_20.jpg",0,"indoors","Clock_Wall.jpg","l",0.28724009999496,136
22,"r","f","lists/136/stimuli_position_map_1.csv",2.06657101496397,311.731092436975,41.7310924369748,221.731092436975,"high",118.465854360992,"maps/google_map_1.png","166.734761924017","objects/1/1_27.jpg",0,"indoors","Toy_WoodenPlainSingle.jpg","a",0.598528499998793,136
22,"r","f","lists/136/stimuli_position_map_1.csv",5.16913312127682,311.731092436975,41.7310924369748,221.731092436975,"low",296.319733066824,"maps/google_map_1.png","15.4113593701507","objects/1/1_37.jpg",0,"indoors","SmokeDetector.jpg","l",0.378571199995349,136
22,"r","f","lists/136/stimuli_position_map_1.csv",1.98376903884154,311.731092436975,41.7310924369748,221.731092436975,"high",113.719244264802,"maps/google_map_1.png","161.988151827827","objects/1/1_65.jpg",0,"indoors","Mattress.jpg","l",0.574023699999088,136
22,"r","f","lists/136/stimuli_position_map_1.csv",5.0361699245496,311.731092436975,41.7310924369748,221.731092436975,"low",288.69763898692,"maps/google_map_1.png","23.0334534500552","objects/1/1_122.jpg",1,"outdoors","LeafBlower.jpg","a",1.41683729999568,136
22,"r","f","lists/136/stimuli_position_map_1.csv",5.26427778724726,311.731092436975,41.7310924369748,221.731092436975,"low",301.773885893155,"maps/google_map_1.png","9.95720654381952","objects/2/2_77.jpg",1,"indoors","Leg.jpg","a",0.331366099999286,136
22,"r","f","lists/136/stimuli_position_map_1.csv",5.24277453092126,311.731092436975,41.7310924369748,221.731092436975,"low",300.541215148353,"maps/google_map_1.png","11.1898772886221","objects/2/2_44.jpg",1,"indoors","Popcorn.jpg","l",0.361137199997756,136
22,"r","f","lists/136/stimuli_position_map_1.csv",2.41983840221581,311.731092436975,41.7310924369748,221.731092436975,"high",138.716851082435,"maps/google_map_1.png","173.01424135454","objects/1/1_109.jpg",0,"outdoors","Camel_Dromedary.jpg","a",0.437881599998946,136
22,"r","f","lists/136/stimuli_position_map_1.csv",2.59855320554035,311.731092436975,41.7310924369748,221.731092436975,"high",148.961648725243,"maps/google_map_1.png","162.769443711732","objects/1/1_75.jpg",0,"outdoors","Horseshoe.jpg","a",1.2142573999954,136
22,"r","f","lists/136/stimuli_position_map_1.csv",5.85160206814407,311.731092436975,41.7310924369748,221.731092436975,"low",335.44215677259,"maps/google_map_1.png","23.711064335615","objects/2/2_60.jpg",1,"outdoors","Goat.jpg","a",0.992658499995741,136
22,"r","f","lists/136/stimuli_position_map_1.csv",5.77663338742343,311.731092436975,41.7310924369748,221.731092436975,"low",331.144589087968,"maps/google_map_1.png","19.4134966509928","objects/1/1_49.jpg",0,"outdoors","Bird_Hen.jpg","a",0.347661699997843,136
22,"r","f","lists/136/stimuli_position_map_1.csv",5.15497860187597,311.731092436975,41.7310924369748,221.731092436975,"low",295.508327496075,"maps/google_map_1.png","16.2227649409","objects/1/1_102.jpg",0,"outdoors","Stingray.jpg","a",0.961458799996763,136
22,"r","f","lists/136/stimuli_position_map_1.csv",5.75373482726424,311.731092436975,311.731092436975,191.058823529412,"singletons",329.831932773109,"maps/google_map_1.png","None","objects/1/1_78.jpg",0,"outdoors","Boat_Row.jpg","a",0.501448600000003,136
22,"r","f","lists/136/stimuli_position_map_1.csv",2.48927561264294,311.731092436975,41.7310924369748,221.731092436975,"high",142.697328113289,"maps/google_map_1.png","169.033764323685","objects/1/1_121.jpg",0,"indoors","Toast.jpg","l",0.940033599996241,136
22,"r","f","lists/136/stimuli_position_map_1.csv",5.30978422489589,311.731092436975,41.7310924369748,221.731092436975,"low",304.382535185115,"maps/google_map_1.png","7.34855725186021","objects/1/1_101.jpg",0,"indoors","Accordion.jpg","l",0.352914899995085,136
22,"r","f","lists/136/stimuli_position_map_1.csv",2.83394785192604,311.731092436975,41.7310924369748,221.731092436975,"high",162.455609346079,"maps/google_map_1.png","149.275483090896","objects/1/1_62.jpg",0,"indoors","RecorderCassette.jpg","l",0.892846499998996,136
22,"r","f","lists/136/stimuli_position_map_1.csv",0.594298062809227,311.731092436975,41.7310924369748,221.731092436975,"medium",34.0680418170895,"maps/google_map_1.png","82.3369493801147","objects/1/1_26.jpg",0,"indoors","Razor.jpg","a",0.429361999998946,136
22,"r","f","lists/136/stimuli_position_map_1.csv",4.93405201023008,311.731092436975,41.7310924369748,221.731092436975,"low",282.843745809368,"maps/google_map_1.png","28.8873466276071","objects/1/1_47.jpg",0,"outdoors","Inukshuk.jpg","a",0.606534999995347,136
22,"r","f","lists/136/stimuli_position_map_1.csv",2.30932008827147,311.731092436975,41.7310924369748,221.731092436975,"high",132.381406334033,"maps/google_map_1.png","179.349686102942","objects/1/1_116.jpg",0,"outdoors","BicycleWheel.jpg","a",1.08981609999682,136
22,"r","f","lists/136/stimuli_position_map_1.csv",1.66662129910006,311.731092436975,41.7310924369748,221.731092436975,"high",95.5388005853537,"maps/google_map_1.png","143.807708148379","objects/1/1_9.jpg",0,"indoors","Perfume.jpg","l",0.815748999997595,136
22,"r","f","lists/136/stimuli_position_map_1.csv",5.57631438565421,311.731092436975,41.7310924369748,221.731092436975,"low",319.661334209477,"maps/google_map_1.png","7.93024177250231","objects/1/1_79.jpg",0,"indoors","Pencil.jpg","l",0.482672199999797,136
22,"r","f","lists/136/stimuli_position_map_1.csv",0.0385062563865877,311.731092436975,41.7310924369748,221.731092436975,"medium",2.20736501579165,"maps/google_map_1.png","50.4762725788169","objects/1/1_25.jpg",0,"indoors","Broom_Short.jpg","a",1.89869159999944,136
22,"r","f","lists/136/stimuli_position_map_1.csv",5.6339999443316,311.731092436975,41.7310924369748,221.731092436975,"low",322.96814967506,"maps/google_map_1.png","11.2370572380854","objects/1/1_82.jpg",0,"outdoors","Ostrich.jpg","a",0.680991799999902,136
22,"r","f","lists/136/stimuli_position_map_1.csv",5.68997928584956,311.731092436975,41.7310924369748,221.731092436975,"low",326.177156513669,"maps/google_map_1.png","14.4460640766942","objects/1/1_11.jpg",0,"indoors","Licorice.jpg","l",0.432507099998475,136
22,"r","f","lists/136/stimuli_position_map_1.csv",5.52898686716498,311.731092436975,41.7310924369748,221.731092436975,"low",316.948291748311,"maps/google_map_1.png","5.21719931133597","objects/1/1_40.jpg",0,"outdoors","LicensePlate.jpg","l",0.39464709999811,136
22,"r","f","lists/136/stimuli_position_map_1.csv",2.22775816993464,311.731092436975,131.731092436975,4.01680672268908,"singletons",127.705882352941,"maps/google_map_1.png","None","objects/1/1_52.jpg",0,"indoors","Star.jpg","a",0.869432399998914,136
22,"r","f","lists/136/stimuli_position_map_1.csv",0.52556783041027,311.731092436975,41.7310924369748,221.731092436975,"medium",30.1280921891238,"maps/google_map_1.png","78.396999752149","objects/1/1_119.jpg",0,"outdoors","Archery_ArrowsBows.jpg","a",0.413564999995288,136
22,"r","f","lists/136/stimuli_position_map_1.csv",5.72338299043542,311.731092436975,41.7310924369748,221.731092436975,"low",328.092018559992,"maps/google_map_1.png","16.3609261230174","objects/1/1_5.jpg",0,"indoors","CoffeeBeans.jpg","l",0.416264699997555,136
22,"r","f","lists/136/stimuli_position_map_1.csv",0.221429279179262,311.731092436975,41.7310924369748,221.731092436975,"medium",12.6933981695119,"maps/google_map_1.png","60.9623057325371","objects/1/1_59.jpg",0,"outdoors","Hedgehog.jpg","a",0.698672200000146,136
22,"r","f","lists/136/stimuli_position_map_1.csv",5.53213023370831,311.731092436975,41.7310924369748,221.731092436975,"low",317.128484734872,"maps/google_map_1.png","5.39739229789674","objects/1/1_16.jpg",0,"indoors","Qtip_Single.jpg","a",0.505328299997927,136
22,"r","f","lists/136/stimuli_position_map_1.csv",5.37384562048887,311.731092436975,41.7310924369748,221.731092436975,"low",308.054844486623,"maps/google_map_1.png","3.67624795035154","objects/1/1_122.jpg",1,"outdoors","LeafBlower.jpg","a",0.311819399998058,136
22,"r","f","lists/136/stimuli_position_map_1.csv",5.40546922409264,311.731092436975,41.7310924369748,221.731092436975,"low",309.867662527604,"maps/google_map_1.png","1.8634299093712","objects/1/1_134.jpg",1,"indoors","Pretzel_Sticks.jpg","a",1.03034769999795,136
22,"r","f","lists/136/stimuli_position_map_1.csv",5.64385570929413,311.731092436975,41.7310924369748,221.731092436975,"low",323.533129832147,"maps/google_map_1.png","11.8020373951726","objects/1/1_32.jpg",0,"indoors","Skirt_Long.jpg","l",0.60779769999499,136
22,"r","f","lists/136/stimuli_position_map_1.csv",0.238579572162541,311.731092436975,41.7310924369748,221.731092436975,"medium",13.6765359838399,"maps/google_map_1.png","61.9454435468652","objects/1/1_70.jpg",0,"outdoors","Colosseum.jpg","a",0.450510599996051,136
22,"r","f","lists/136/stimuli_position_map_1.csv",5.91161437908497,311.731092436975,221.731092436975,215.193277310924,"singletons",338.882352941176,"maps/google_map_1.png","None","objects/1/1_63.jpg",0,"indoors","Ashtray_Empty.jpg","a",1.05114489999687,136
22,"r","f","lists/136/stimuli_position_map_1.csv",5.85898786181139,311.731092436975,311.731092436975,353.966386554622,"singletons",335.865546218487,"maps/google_map_1.png","None","objects/1/1_132.jpg",0,"indoors","PanCooking.jpg","l",0.419672999996692,136
22,"r","f","lists/136/stimuli_position_map_1.csv",1.55602578589501,311.731092436975,41.7310924369748,221.731092436975,"high",89.198930401625,"maps/google_map_1.png","137.46783796465","objects/1/1_77.jpg",0,"indoors","Battery_AA.jpg","a",0.909145299996453,136
22,"r","f","lists/136/stimuli_position_map_1.csv",1.06201354413801,311.731092436975,41.7310924369748,221.731092436975,"medium",60.8797573072742,"maps/google_map_1.png","109.148664870299","objects/1/1_39.jpg",0,"indoors","Clip_Binder.jpg","l",1.31589309999617,136
22,"r","f","lists/136/stimuli_position_map_1.csv",1.95472167010693,311.731092436975,41.7310924369748,221.731092436975,"high",112.054108477468,"maps/google_map_1.png","160.323016040493","objects/1/1_87.jpg",0,"indoors","Clock_Digital.jpg","l",1.4977493999977,136
22,"r","f","lists/136/stimuli_position_map_1.csv",5.60631389684428,311.731092436975,41.7310924369748,221.731092436975,"low",321.381051411456,"maps/google_map_1.png","9.64995897448088","objects/1/1_54.jpg",0,"outdoors","LightHouse.jpg","a",1.07390909999594,136
22,"r","f","lists/136/stimuli_position_map_1.csv",1.16951631912305,311.731092436975,41.7310924369748,221.731092436975,"medium",67.0423367650154,"maps/google_map_1.png","115.311244328041","objects/1/1_76.jpg",0,"outdoors","Dragonfly.jpg","a",1.71294979999948,136
22,"r","f","lists/136/stimuli_position_map_1.csv",5.58364341628825,311.731092436975,41.7310924369748,221.731092436975,"low",320.08146972353,"maps/google_map_1.png","8.35037728655559","objects/2/2_44.jpg",1,"indoors","Popcorn.jpg","l",0.87231249999968,136
22,"r","f","lists/136/stimuli_position_map_1.csv",5.7512659142401,311.731092436975,41.7310924369748,221.731092436975,"low",329.69040272714,"maps/google_map_1.png","17.9593102901648","objects/1/1_6.jpg",0,"outdoors","Bird_Parrot.jpg","a",1.05522790000032,136
22,"r","f","lists/136/stimuli_position_map_1.csv",5.64848179271709,311.731092436975,311.731092436975,67.3697478991597,"singletons",323.798319327731,"maps/google_map_1.png","None","objects/1/1_10.jpg",0,"outdoors","Fish_Rockbass.jpg","a",1.11224639999637,136
22,"r","f","lists/136/stimuli_position_map_1.csv",4.54332492997199,311.731092436975,131.731092436975,209.159663865546,"singletons",260.44537815126,"maps/google_map_1.png","None","objects/1/1_24.jpg",0,"outdoors","Igloo.jpg","a",2.35085699999763,136
22,"r","f","lists/136/stimuli_position_map_1.csv",1.55193882289151,311.731092436975,41.7310924369748,221.731092436975,"high",88.9646458982396,"maps/google_map_1.png","137.233553461265","objects/1/1_14.jpg",0,"outdoors","Bird_Peacock.jpg","a",1.14755439999863,136
22,"r","f","lists/136/stimuli_position_map_1.csv",0.793210849874137,311.731092436975,41.7310924369748,221.731092436975,"medium",45.4706856615747,"maps/google_map_1.png","93.7395932246","objects/1/1_64.jpg",0,"indoors","Calculator.jpg","l",0.408799799995904,136
22,"r","f","lists/136/stimuli_position_map_1.csv",NA,NA,NA,NA,"",NA,"","","",NA,"","","",NA,136
22,"r","f","lists/136/stimuli_position_map_2.csv",3.78321290872516,221.731092436975,311.731092436975,131.731092436975,"low",216.872077570232,"maps/google_map_1.png","4.85901486674244","objects/2/2_60.jpg",1,"outdoors","Goat.jpg","a",1.55695219999689,136
22,"r","f","lists/136/stimuli_position_map_2.csv",4.1522801110851,221.731092436975,311.731092436975,131.731092436975,"low",238.028796176853,"maps/google_map_1.png","16.2977037398778","objects/1/1_134.jpg",1,"indoors","Pretzel_Sticks.jpg","a",0.521924199994828,136
22,"r","f","lists/136/stimuli_position_map_2.csv",3.90182318211052,221.731092436975,311.731092436975,131.731092436975,"low",223.671392605061,"maps/google_map_1.png","1.94030016808661","objects/2/2_53.jpg",1,"outdoors","TreeStump.jpg","a",0.494473899998411,136
22,"r","f","lists/136/stimuli_position_map_2.csv",4.2028611770316,221.731092436975,311.731092436975,131.731092436975,"low",240.928347727926,"maps/google_map_1.png","19.1972552909511","objects/2/2_60.jpg",1,"outdoors","Goat.jpg","a",0.27823229999558,136
22,"r","f","lists/136/stimuli_position_map_2.csv",3.86925755518779,221.731092436975,311.731092436975,131.731092436975,"low",221.804573227325,"maps/google_map_1.png","0.0734807903506789","objects/1/1_34.jpg",0,"indoors","Ruler_Wooden.jpg","l",0.293427699998574,136
22,"r","f","lists/136/stimuli_position_map_2.csv",4.59595144724556,221.731092436975,221.731092436975,130.72268907563,"singletons",263.46218487395,"maps/google_map_1.png","None","objects/1/1_124.jpg",0,"indoors","GranolaBar.jpg","l",0.460351199999423,136
22,"r","f","lists/136/stimuli_position_map_2.csv",4.0386687427702,221.731092436975,311.731092436975,131.731092436975,"low",231.516042579184,"maps/google_map_1.png","9.78495014220876","objects/2/2_77.jpg",1,"indoors","Leg.jpg","a",0.949110099998506,136
22,"r","f","lists/136/stimuli_position_map_2.csv",3.62476896706832,221.731092436975,311.731092436975,131.731092436975,"low",207.789303844681,"maps/google_map_1.png","13.941788592294","objects/1/1_113.jpg",0,"indoors","Toilet.jpg","l",0.273932899995998,136
22,"r","f","lists/136/stimuli_position_map_2.csv",3.51118846276999,221.731092436975,311.731092436975,131.731092436975,"low",201.278319521846,"maps/google_map_1.png","20.4527729151284","objects/2/2_53.jpg",1,"outdoors","TreeStump.jpg","a",0.337239599997702,136
22,"r","f","lists/136/stimuli_position_map_2.csv",3.83042686341976,221.731092436975,311.731092436975,131.731092436975,"low",219.578610004954,"maps/google_map_1.png","2.15248243202033","objects/1/1_122.jpg",1,"outdoors","LeafBlower.jpg","a",0.583956799997395,136
22,"r","f","lists/136/stimuli_position_map_2.csv",4.11455995487682,221.731092436975,311.731092436975,131.731092436975,"low",235.866494228608,"maps/google_map_1.png","14.1354017916328","objects/2/2_53.jpg",1,"outdoors","TreeStump.jpg","a",0.378370099999302,136
22,"r","f","lists/136/stimuli_position_map_2.csv",3.8875669178618,221.731092436975,311.731092436975,131.731092436975,"low",222.85415452711,"maps/google_map_1.png","1.12306209013486","objects/2/2_60.jpg",1,"outdoors","Goat.jpg","a",0.654312899998331,136
22,"r","f","lists/136/stimuli_position_map_2.csv",3.95688931075017,221.731092436975,311.731092436975,131.731092436975,"low",226.828049660838,"maps/google_map_1.png","5.09695722386295","objects/2/2_77.jpg",1,"indoors","Leg.jpg","a",0.735068699999829,136
22,"r","f","lists/136/stimuli_position_map_2.csv",3.84877967716158,221.731092436975,311.731092436975,131.731092436975,"low",220.630682130282,"maps/google_map_1.png","1.10041030669313","objects/2/2_53.jpg",1,"outdoors","TreeStump.jpg","a",0.492274899996119,136
22,"r","f","lists/136/stimuli_position_map_2.csv",4.33896076524648,221.731092436975,311.731092436975,131.731092436975,"low",248.730234950435,"maps/google_map_1.png","26.9991425134601","objects/1/1_117.jpg",0,"outdoors","Kangaroo.jpg","a",0.419470799995906,136
22,"r","f","lists/136/stimuli_position_map_2.csv",3.22766199813259,221.731092436975,41.7310924369748,191.058823529412,"singletons",185.025210084034,"maps/google_map_1.png","None","objects/1/1_8.jpg",0,"outdoors","Snake_Cobra.jpg","a",0.349482499997976,136
22,"r","f","lists/136/stimuli_position_map_2.csv",4.32208523364916,221.731092436975,311.731092436975,131.731092436975,"low",247.762847788805,"maps/google_map_1.png","26.0317553518303","objects/2/2_53.jpg",1,"outdoors","TreeStump.jpg","a",0.282710399998905,136
22,"r","f","lists/136/stimuli_position_map_2.csv",3.75396273114672,221.731092436975,311.731092436975,131.731092436975,"low",215.19531579822,"maps/google_map_1.png","6.53577663875511","objects/2/2_44.jpg",1,"indoors","Popcorn.jpg","l",0.610087199998816,136
22,"r","f","lists/136/stimuli_position_map_2.csv",3.61455095024612,221.731092436975,311.731092436975,131.731092436975,"low",207.203557657421,"maps/google_map_1.png","14.5275347795541","objects/1/1_66.jpg",0,"outdoors","Pickaxe.jpg","a",0.283677399998851,136
22,"r","f","lists/136/stimuli_position_map_2.csv",3.73795997006324,221.731092436975,311.731092436975,131.731092436975,"low",214.27796006732,"maps/google_map_1.png","7.4531323696552","objects/1/1_3.jpg",0,"outdoors","Pig.jpg","a",0.346835099997406,136
22,"r","f","lists/136/stimuli_position_map_2.csv",4.25070629400593,221.731092436975,311.731092436975,131.731092436975,"low",243.67106143983,"maps/google_map_1.png","21.9399690028555","objects/1/1_122.jpg",1,"outdoors","LeafBlower.jpg","a",0.312471999997797,136
22,"r","f","lists/136/stimuli_position_map_2.csv",4.14996082735348,221.731092436975,311.731092436975,131.731092436975,"low",237.895843606251,"maps/google_map_1.png","16.1647511692759","objects/1/1_122.jpg",1,"outdoors","LeafBlower.jpg","a",0.325612899996486,136
22,"r","f","lists/136/stimuli_position_map_2.csv",3.78711003297722,221.731092436975,311.731092436975,131.731092436975,"low",217.09547959742,"maps/google_map_1.png","4.63561283955442","objects/2/2_44.jpg",1,"indoors","Popcorn.jpg","l",0.316298399997322,136
22,"r","f","lists/136/stimuli_position_map_2.csv",0.425918340760233,221.731092436975,311.731092436975,131.731092436975,"high",24.4157010626885,"maps/google_map_1.png","162.684608625714","objects/1/1_135.jpg",0,"outdoors","Sphinx.jpg","a",0.33041239999875,136
22,"r","f","lists/136/stimuli_position_map_2.csv",3.68452319359474,221.731092436975,311.731092436975,131.731092436975,"low",211.214705365303,"maps/google_map_1.png","10.5163870716715","objects/1/1_51.jpg",0,"indoors","DusterFeather.jpg","l",0.871704099994531,136
22,"r","f","lists/136/stimuli_position_map_2.csv",4.3663509960472,221.731092436975,311.731092436975,131.731092436975,"low",250.300375569585,"maps/google_map_1.png","28.5692831326099","objects/2/2_53.jpg",1,"outdoors","TreeStump.jpg","a",0.471989299996494,136
22,"r","f","lists/136/stimuli_position_map_2.csv",1.38573389355742,221.731092436975,131.731092436975,209.159663865546,"singletons",79.436974789916,"maps/google_map_1.png","None","objects/1/1_31.jpg",0,"indoors","RugRoled.jpg","l",0.319697899998573,136
22,"r","f","lists/136/stimuli_position_map_2.csv",4.02518213799065,221.731092436975,311.731092436975,131.731092436975,"low",230.742925107745,"maps/google_map_1.png","9.01183267076971","objects/1/1_125.jpg",0,"outdoors","Door_Green.jpg","a",0.677759599995625,136
22,"r","f","lists/136/stimuli_position_map_2.csv",1.00082443154226,221.731092436975,311.731092436975,131.731092436975,"high",57.3721011712122,"maps/google_map_1.png","164.358991265763","objects/1/1_85.jpg",0,"outdoors","Panda.jpg","a",0.429884400000446,136
22,"r","f","lists/136/stimuli_position_map_2.csv",3.38554154995331,221.731092436975,41.7310924369748,248.378151260504,"singletons",194.075630252101,"maps/google_map_1.png","None","objects/1/1_46.jpg",0,"outdoors","Hat_Cowboy.jpg","a",0.423853000000236,136
22,"r","f","lists/136/stimuli_position_map_2.csv",1.50225483174012,221.731092436975,311.731092436975,131.731092436975,"high",86.1165190169494,"maps/google_map_1.png","135.614573420025","objects/1/1_105.jpg",0,"outdoors","Hippopotamus.jpg","a",0.328959999998915,136
22,"r","f","lists/136/stimuli_position_map_2.csv",1.36147682384629,221.731092436975,311.731092436975,131.731092436975,"high",78.0464421313162,"maps/google_map_1.png","143.684650305659","objects/1/1_95.jpg",0,"indoors","Arm.jpg","a",0.310277999997197,136
22,"r","f","lists/136/stimuli_position_map_2.csv",0.000719459422814,221.731092436975,311.731092436975,131.731092436975,"high",0.0412428968492122,"maps/google_map_1.png","138.310150459874","objects/1/1_48.jpg",0,"indoors","Corkscrew.jpg","l",1.74928269999873,136
22,"r","f","lists/136/stimuli_position_map_2.csv",6.22737348272642,221.731092436975,221.731092436975,85.4705882352941,"singletons",356.983193277311,"maps/google_map_1.png","None","objects/1/1_126.jpg",0,"outdoors","Bench_Park.jpg","a",0.417265699998097,136
22,"r","f","lists/136/stimuli_position_map_2.csv",3.45406200669173,221.731092436975,311.731092436975,131.731092436975,"low",198.00355452373,"maps/google_map_1.png","23.7275379132451","objects/1/1_56.jpg",0,"indoors","Case_CD.jpg","l",0.41976959999738,136
22,"r","f","lists/136/stimuli_position_map_2.csv",4.72741788395722,221.731092436975,311.731092436975,131.731092436975,"medium",270.998477424299,"maps/google_map_1.png","49.2673849873245","objects/1/1_73.jpg",0,"outdoors","Teardrop.jpg","a",2.83734549999645,136
22,"r","f","lists/136/stimuli_position_map_2.csv",5.62539440930164,221.731092436975,311.731092436975,131.731092436975,"medium",322.474838749776,"maps/google_map_1.png","100.743746312801","objects/1/1_142.jpg",0,"outdoors","Cannon.jpg","a",0.486567399995693,136
22,"r","f","lists/136/stimuli_position_map_2.csv",4.59595144724556,221.731092436975,131.731092436975,329.831932773109,"singletons",263.46218487395,"maps/google_map_1.png","None","objects/1/1_7.jpg",0,"indoors","Briefcase_Open.jpg","l",0.278776199997083,136
22,"r","f","lists/136/stimuli_position_map_2.csv",4.05216037070176,221.731092436975,311.731092436975,131.731092436975,"low",232.289448002012,"maps/google_map_1.png","10.5583555650368","objects/1/1_90.jpg",0,"indoors","ShoeLace_Flat.jpg","a",0.854263599998376,136
22,"r","f","lists/136/stimuli_position_map_2.csv",4.09379192085756,221.731092436975,311.731092436975,131.731092436975,"low",234.675969985465,"maps/google_map_1.png","12.9448775484902","objects/2/2_77.jpg",1,"indoors","Leg.jpg","a",0.302974099999119,136
22,"r","f","lists/136/stimuli_position_map_2.csv",3.94605635814103,221.731092436975,311.731092436975,131.731092436975,"low",226.207052377511,"maps/google_map_1.png","4.47595994053646","objects/1/1_92.jpg",0,"outdoors","Iguana.jpg","a",0.444867399997747,136
22,"r","f","lists/136/stimuli_position_map_2.csv",4.06392795248453,221.731092436975,311.731092436975,131.731092436975,"low",232.96402275389,"maps/google_map_1.png","11.2329303169153","objects/1/1_38.jpg",0,"outdoors","Statue_Man.jpg","a",0.398230899998453,136
22,"r","f","lists/136/stimuli_position_map_2.csv",3.6486741363212,221.731092436975,131.731092436975,64.3529411764706,"singletons",209.159663865546,"maps/google_map_1.png","None","objects/1/1_18.jpg",0,"indoors","ChessPiece_Knight.jpg","a",0.48911919999955,136
22,"r","f","lists/136/stimuli_position_map_2.csv",3.91426856706323,221.731092436975,311.731092436975,131.731092436975,"low",224.384822315726,"maps/google_map_1.png","2.65372987875164","objects/1/1_120.jpg",0,"outdoors","Hose_Garden.jpg","a",0.776896399998805,136
22,"r","f","lists/136/stimuli_position_map_2.csv",3.63351702409804,221.731092436975,311.731092436975,131.731092436975,"low",208.290784820907,"maps/google_map_1.png","13.4403076160678","objects/2/2_44.jpg",1,"indoors","Popcorn.jpg","l",0.33118999999715,136
22,"r","f","lists/136/stimuli_position_map_2.csv",3.71054312053322,221.731092436975,311.731092436975,131.731092436975,"low",212.706293533752,"maps/google_map_1.png","9.02479890322317","objects/1/1_134.jpg",1,"indoors","Pretzel_Sticks.jpg","a",1.04178039999897,136
22,"r","f","lists/136/stimuli_position_map_2.csv",4.7490417956891,221.731092436975,311.731092436975,131.731092436975,"medium",272.238064721031,"maps/google_map_1.png","50.5069722840563","objects/1/1_99.jpg",0,"indoors","Toy_DollHomeMade.jpg","l",1.70653919999677,136
22,"r","f","lists/136/stimuli_position_map_2.csv",0.52798204784556,221.731092436975,311.731092436975,131.731092436975,"high",30.2664868191722,"maps/google_map_1.png","168.535394382197","objects/1/1_110.jpg",0,"indoors","Belt.jpg","l",0.94459299999653,136
22,"r","f","lists/136/stimuli_position_map_2.csv",0.692530022843691,221.731092436975,311.731092436975,131.731092436975,"high",39.6991732840332,"maps/google_map_1.png","177.968080847058","objects/1/1_96.jpg",0,"indoors","IroningBoard.jpg","l",0.316747699998814,136
22,"r","f","lists/136/stimuli_position_map_2.csv",3.47537637088241,221.731092436975,311.731092436975,131.731092436975,"low",199.225397056953,"maps/google_map_1.png","22.5056953800214","objects/1/1_12.jpg",0,"indoors","PhoneCase.jpg","l",1.15552079999907,136
22,"r","f","lists/136/stimuli_position_map_2.csv",0.0168123692767195,221.731092436975,311.731092436975,131.731092436975,"high",0.963766391659078,"maps/google_map_1.png","139.232673954684","objects/1/1_139.jpg",0,"outdoors","Boot_Rain.jpg","l",0.592305799997121,136
22,"r","f","lists/136/stimuli_position_map_2.csv",5.30511255065021,221.731092436975,311.731092436975,131.731092436975,"medium",304.114732202878,"maps/google_map_1.png","82.3836397659034","objects/1/1_107.jpg",0,"indoors","Cup_sippy.jpg","l",0.419445999996242,136
22,"r","f","lists/136/stimuli_position_map_2.csv",6.09901841659606,221.731092436975,311.731092436975,131.731092436975,"medium",349.625259550093,"maps/google_map_1.png","127.894167113118","objects/1/1_106.jpg",0,"indoors","Cheque.jpg","l",0.686130699996284,136
22,"r","f","lists/136/stimuli_position_map_2.csv",6.17258610439761,221.731092436975,311.731092436975,131.731092436975,"medium",353.842515538717,"maps/google_map_1.png","132.111423101742","objects/1/1_84.jpg",0,"outdoors","Spider.jpg","a",0.685116500000731,136
22,"r","f","lists/136/stimuli_position_map_2.csv",3.66095404208176,221.731092436975,311.731092436975,131.731092436975,"low",209.863607507871,"maps/google_map_1.png","11.8674849291034","objects/1/1_108.jpg",0,"indoors","Lipstick.jpg","l",0.403919600001245,136
22,"r","f","lists/136/stimuli_position_map_2.csv",3.82535575383153,221.731092436975,311.731092436975,131.731092436975,"low",219.287909455311,"maps/google_map_1.png","2.44318298166409","objects/1/1_29.jpg",0,"indoors","DogTreat.jpg","l",0.711194499996054,136
22,"r","f","lists/136/stimuli_position_map_2.csv",3.8548111099502,221.731092436975,311.731092436975,131.731092436975,"low",220.97643305447,"maps/google_map_1.png","0.75465938250496","objects/1/1_97.jpg",0,"indoors","AirVent.jpg","a",0.645229199995811,136
22,"r","f","lists/136/stimuli_position_map_2.csv",2.33301120448179,221.731092436975,221.731092436975,133.739495798319,"singletons",133.739495798319,"maps/google_map_1.png","None","objects/1/1_2.jpg",0,"indoors","Teabag.jpg","l",0.462296999994578,136
22,"r","f","lists/136/stimuli_position_map_2.csv",4.82816360932351,221.731092436975,311.731092436975,131.731092436975,"medium",276.773710088609,"maps/google_map_1.png","55.0426176516339","objects/1/1_123.jpg",0,"indoors","Chair_Rocking.jpg","a",0.39062909999484,136
22,"r","f","lists/136/stimuli_position_map_2.csv",6.05153038892005,221.731092436975,311.731092436975,131.731092436975,"medium",346.903015925353,"maps/google_map_1.png","125.171923488378","objects/1/1_86.jpg",0,"outdoors","Light_Traffic.jpg","a",0.393222799997602,136
22,"r","f","lists/136/stimuli_position_map_2.csv",3.5499016159991,221.731092436975,311.731092436975,131.731092436975,"low",203.49754486619,"maps/google_map_1.png","18.2335475707846","objects/1/1_122.jpg",1,"outdoors","LeafBlower.jpg","a",0.356669799995871,136
22,"r","f","lists/136/stimuli_position_map_2.csv",1.80674603174603,221.731092436975,41.7310924369748,275.529411764706,"singletons",103.571428571429,"maps/google_map_1.png","None","objects/1/1_19.jpg",0,"outdoors","Birdhouse.jpg","a",0.712976200000412,136
22,"r","f","lists/136/stimuli_position_map_2.csv",4.50396560188794,221.731092436975,311.731092436975,131.731092436975,"low",258.189110936251,"maps/google_map_1.png","36.4580184992765","objects/1/1_136.jpg",0,"outdoors","Bus_School.jpg","a",0.487204099998053,136
22,"r","f","lists/136/stimuli_position_map_2.csv",1.39339143504663,221.731092436975,311.731092436975,131.731092436975,"high",79.875942136431,"maps/google_map_1.png","141.855150300544","objects/1/1_83.jpg",0,"outdoors","Swing_Child.jpg","a",0.518697399998928,136
22,"r","f","lists/136/stimuli_position_map_2.csv",0.738364860830313,221.731092436975,311.731092436975,131.731092436975,"high",42.3266480730753,"maps/google_map_1.png","179.4044443639","objects/1/1_131.jpg",0,"indoors","MagazineRoll.jpg","l",0.357818399999815,136
22,"r","f","lists/136/stimuli_position_map_2.csv",4.98719875254477,221.731092436975,311.731092436975,131.731092436975,"medium",285.8903743497,"maps/google_map_1.png","64.1592819127254","objects/1/1_55.jpg",0,"outdoors","Chipmunk.jpg","a",1.66511319999699,136
22,"r","f","lists/136/stimuli_position_map_2.csv",4.44238847630806,221.731092436975,311.731092436975,131.731092436975,"low",254.65921201766,"maps/google_map_1.png","32.9281195806848","objects/1/1_60.jpg",0,"indoors","HumanSkeleton.jpg","l",0.650171900000714,136
22,"r","f","lists/136/stimuli_position_map_2.csv",3.63309329211705,221.731092436975,311.731092436975,131.731092436975,"low",208.26649445257,"maps/google_map_1.png","13.464597984405","objects/1/1_44.jpg",0,"indoors","ProcessorFood_Old.jpg","a",2.4585146999998,136
22,"r","f","lists/136/stimuli_position_map_2.csv",4.06672137137293,221.731092436975,311.731092436975,131.731092436975,"low",233.124155046856,"maps/google_map_1.png","11.3930626098811","objects/1/1_122.jpg",1,"outdoors","LeafBlower.jpg","a",0.2906036999957,136
22,"r","f","lists/136/stimuli_position_map_2.csv",4.33474764238321,221.731092436975,311.731092436975,131.731092436975,"low",248.488718353178,"maps/google_map_1.png","26.7576259162027","objects/2/2_77.jpg",1,"indoors","Leg.jpg","a",0.674301600000035,136
22,"r","f","lists/136/stimuli_position_map_2.csv",5.733101801258,221.731092436975,311.731092436975,131.731092436975,"medium",328.649147842815,"maps/google_map_1.png","106.91805540584","objects/1/1_98.jpg",0,"indoors","Pasta_Spaghetti.jpg","l",0.2893806999964,136
22,"r","f","lists/136/stimuli_position_map_2.csv",3.41435169636978,221.731092436975,311.731092436975,131.731092436975,"low",195.727167307822,"maps/google_map_1.png","26.0039251291532","objects/1/1_134.jpg",1,"indoors","Pretzel_Sticks.jpg","a",0.376916699999128,136
22,"r","f","lists/136/stimuli_position_map_2.csv",4.23548945110947,221.731092436975,311.731092436975,131.731092436975,"low",242.798758343855,"maps/google_map_1.png","21.0676659068801","objects/1/1_71.jpg",0,"outdoors","PoliceTape.jpg","a",0.500382099999115,136
22,"r","f","lists/136/stimuli_position_map_2.csv",5.92186795673375,221.731092436975,311.731092436975,131.731092436975,"medium",339.470137647157,"maps/google_map_1.png","117.739045210183","objects/1/1_100.jpg",0,"indoors","Pasta_Macaroni.jpg","l",1.67554209999798,136
22,"r","f","lists/136/stimuli_position_map_2.csv",5.37242879555602,221.731092436975,311.731092436975,131.731092436975,"medium",307.973625222957,"maps/google_map_1.png","86.2425327859819","objects/1/1_104.jpg",0,"indoors","Desk_Office.jpg","a",1.17135029999554,136
22,"r","f","lists/136/stimuli_position_map_2.csv",1.25779015830061,221.731092436975,311.731092436975,131.731092436975,"high",72.1026205395254,"maps/google_map_1.png","149.628471897449","objects/1/1_128.jpg",0,"indoors","WindowBlinds.jpg","l",0.318499399996654,136
22,"r","f","lists/136/stimuli_position_map_2.csv",3.22766199813259,221.731092436975,41.7310924369748,160.890756302521,"singletons",185.025210084034,"maps/google_map_1.png","None","objects/1/1_118.jpg",0,"outdoors","DogHouse.jpg","a",0.565531599997485,136
22,"r","f","lists/136/stimuli_position_map_2.csv",3.87720835158541,221.731092436975,311.731092436975,131.731092436975,"low",222.260351364768,"maps/google_map_1.png","0.529258927793662","objects/2/2_44.jpg",1,"indoors","Popcorn.jpg","l",0.361405799998465,136
22,"r","f","lists/136/stimuli_position_map_2.csv",1.28219100884669,221.731092436975,311.731092436975,131.731092436975,"high",73.5013954115938,"maps/google_map_1.png","148.229697025381","objects/1/1_23.jpg",0,"indoors","Stethoscope.jpg","l",0.276890799999819,136
22,"r","f","lists/136/stimuli_position_map_2.csv",1.17152497231303,221.731092436975,311.731092436975,131.731092436975,"high",67.1574824892822,"maps/google_map_1.png","154.573609947693","objects/1/1_28.jpg",0,"outdoors","Boat_Sail.jpg","a",0.284629499998118,136
22,"r","f","lists/136/stimuli_position_map_2.csv",2.70139682539683,221.731092436975,131.731092436975,7.03361344537815,"singletons",154.857142857143,"maps/google_map_1.png","None","objects/1/1_41.jpg",0,"indoors","FloppyDisk.jpg","l",1.42069229999834,136
22,"r","f","lists/136/stimuli_position_map_2.csv",4.20971170891446,221.731092436975,311.731092436975,131.731092436975,"low",241.321053377262,"maps/google_map_1.png","19.5899609402871","objects/1/1_122.jpg",1,"outdoors","LeafBlower.jpg","a",1.67807139999786,136
22,"r","f","lists/136/stimuli_position_map_2.csv",4.0180938228012,221.731092436975,311.731092436975,131.731092436975,"low",230.336588568222,"maps/google_map_1.png","8.60549613124689","objects/1/1_67.jpg",0,"outdoors","Acorn.jpg","a",0.398379199999908,136
22,"r","f","lists/136/stimuli_position_map_2.csv",4.50243737800985,221.731092436975,311.731092436975,131.731092436975,"low",258.101505745787,"maps/google_map_1.png","36.3704133088127","objects/1/1_42.jpg",0,"outdoors","Ambulance.jpg","a",0.496443199997884,136
22,"r","f","lists/136/stimuli_position_map_2.csv",0.498407967333166,221.731092436975,311.731092436975,131.731092436975,"high",28.5711573630477,"maps/google_map_1.png","166.840064926073","objects/1/1_4.jpg",0,"indoors","Knee.jpg","a",0.351771699995879,136
22,"r","f","lists/136/stimuli_position_map_2.csv",5.66891164827901,221.731092436975,311.731092436975,131.731092436975,"medium",324.969457544656,"maps/google_map_1.png","103.238365107682","objects/1/1_21.jpg",0,"outdoors","Cow.jpg","a",0.427914399995643,136
22,"r","f","lists/136/stimuli_position_map_2.csv",3.39985754539066,221.731092436975,311.731092436975,131.731092436975,"low",194.89629241093,"maps/google_map_1.png","26.834800026045","objects/2/2_44.jpg",1,"indoors","Popcorn.jpg","l",1.2624685999981,136
22,"r","f","lists/136/stimuli_position_map_2.csv",5.22746965452848,221.731092436975,131.731092436975,197.09243697479,"singletons",299.663865546218,"maps/google_map_1.png","None","objects/1/1_61.jpg",0,"indoors","ServiceBell.jpg","l",0.822432899996784,136
22,"r","f","lists/136/stimuli_position_map_2.csv",3.49079458450047,221.731092436975,131.731092436975,332.848739495798,"singletons",200.109243697479,"maps/google_map_1.png","None","objects/1/1_35.jpg",0,"outdoors","BoxTrailer.jpg","a",0.0406624999959604,136
22,"r","f","lists/136/stimuli_position_map_2.csv",1.2278543417367,221.731092436975,41.7310924369748,115.638655462185,"singletons",70.3865546218487,"maps/google_map_1.png","None","objects/1/1_33.jpg",0,"indoors","Mop.jpg","l",0.36135469999499,136
22,"r","f","lists/136/stimuli_position_map_2.csv",4.35804650536221,221.731092436975,311.731092436975,131.731092436975,"low",249.824321963439,"maps/google_map_1.png","28.0932295264639","objects/2/2_53.jpg",1,"outdoors","TreeStump.jpg","a",0.405391599997529,136
22,"r","f","lists/136/stimuli_position_map_2.csv",6.07382070620819,221.731092436975,311.731092436975,131.731092436975,"medium",348.180804814482,"maps/google_map_1.png","126.449712377507","objects/1/1_138.jpg",0,"indoors","Napkin_Single.jpg","l",0.289197099999001,136
22,"r","f","lists/136/stimuli_position_map_2.csv",3.26862022092387,221.731092436975,311.731092436975,131.731092436975,"low",187.373133683534,"maps/google_map_1.png","34.3579587534408","objects/1/1_122.jpg",1,"outdoors","LeafBlower.jpg","a",0.568526899998687,136
22,"r","f","lists/136/stimuli_position_map_2.csv",5.06959010270775,221.731092436975,221.731092436975,79.436974789916,"singletons",290.613445378151,"maps/google_map_1.png","None","objects/1/1_130.jpg",0,"indoors","ToothBrush.jpg","l",1.67535629999838,136
22,"r","f","lists/136/stimuli_position_map_2.csv",3.93015151050475,221.731092436975,311.731092436975,131.731092436975,"low",225.29530951938,"maps/google_map_1.png","3.56421708240569","objects/1/1_72.jpg",0,"outdoors","Sheep.jpg","a",0.331441599995742,136
22,"r","f","lists/136/stimuli_position_map_2.csv",5.574069378416,221.731092436975,311.731092436975,131.731092436975,"medium",319.532639527032,"maps/google_map_1.png","97.8015470900573","objects/1/1_129.jpg",0,"outdoors","LifeJacket_BlueYellow.jpg","a",0.30496249999851,136
22,"r","f","lists/136/stimuli_position_map_2.csv",4.1877889154646,221.731092436975,311.731092436975,131.731092436975,"low",240.064332733639,"maps/google_map_1.png","18.3332402966646","objects/2/2_60.jpg",1,"outdoors","Goat.jpg","a",0.431856399995013,136
22,"r","f","lists/136/stimuli_position_map_2.csv",3.73253916740359,221.731092436975,311.731092436975,131.731092436975,"low",213.96721341804,"maps/google_map_1.png","7.76387901893473","objects/2/2_77.jpg",1,"indoors","Leg.jpg","a",2.0090409000004,136
22,"r","f","lists/136/stimuli_position_map_2.csv",1.40704094096128,221.731092436975,311.731092436975,131.731092436975,"high",80.6583978895004,"maps/google_map_1.png","141.072694547474","objects/1/1_57.jpg",0,"outdoors","Hat_Hard.jpg","a",0.307264099999884,136
22,"r","f","lists/136/stimuli_position_map_2.csv",3.78488321979417,221.731092436975,311.731092436975,131.731092436975,"low",216.96782788629,"maps/google_map_1.png","4.76326455068471","objects/1/1_134.jpg",1,"indoors","Pretzel_Sticks.jpg","a",0.538193000000319,136
NA,"","","",NA,NA,NA,NA,"",NA,"","","",NA,"","","",NA,NA
